{
  "00-resumo.md": 1781081676.6341267,
  "01-renderer-artigos.md": 1781081511.322775,
  "02-home-noticias.md": 1781081529.4730358,
  "03-componente-newsfeed.md": 1781081542.9533298,
  "04-copa-do-mundo.md": 1781081555.571898,
  "05-artilharia-api.md": 1781081568.4523816,
  "06-match-bar.md": 1781081584.1659138,
  "07-nginx-cache-html.md": 1781081599.114749,
  "08-cache-persistente-deploy.md": 1781081627.67366,
  "09-ads-adsense.md": 1781081644.6666734,
  "10-deploy-gotchas.md": 1781081661.8046436
}